Reference,Name,Price,URL
GM106033,Red Bull Energy Drink Pack of 4 Nos Can 250 ml,₹ 410.00,https://www.zopnow.com/red-bull-energy-drink-pack-of-4-nos-can-v-250-ml-p.php
GM102524,Limca Bottle 2 Ltr,₹ 85.00,https://www.zopnow.com/limca-bottle-v-2-ltr-p.php
GM102575,Real Litchi Fruit Juice 1 Ltr,₹ 90.00,https://www.zopnow.com/real-litchi-fruit-juice-v-1-ltr-p.php
GM102574,Real Guava Juice 1 Ltr,₹ 90.00,https://www.zopnow.com/real-guava-juice-v-1-ltr-p.php
GM102532,Fanta Bottle 2 Ltr,₹ 80.00,https://www.zopnow.com/fanta-bottle-v-2-ltr-p.php
GM102577,Real Mixed Fruit Juice 1 Ltr,₹ 90.00,https://www.zopnow.com/real-mixed-fruit-juice-v-1-ltr-p.php
GM102572,Real Apple Juice 1 Ltr,₹ 99.00,https://www.zopnow.com/real-apple-juice-v-1-ltr-p.php
GM102535,Sprite Bottle 2.25 Ltr,₹ 85.00,https://www.zopnow.com/sprite-bottle-v-225-ltr-p.php
GM102530,Coke Coca Cola 2 Ltr,₹ 85.00,https://www.zopnow.com/coke-coca-cola-v-2-ltr-p.php
GM102416,Pediasure Premium Chocolate Nutritional Powder 1 Kg,₹ 1180.00,https://www.zopnow.com/pedia-sure-premium-chocolate-nutritional-powder-v-1-kg-p.php
GM102417,Pediasure Vanilla Delight Nutritional Powder 1 kg,₹ 1150.00,https://www.zopnow.com/pedia-sure-vanilla-delight-nutritional-powder-v-1-kg-p.php
GM102108,Nescafe Classic Coffee Bottle 100 g,₹ 250.00,https://www.zopnow.com/nescafe-classic-coffee-jar-v-100-g-p.php
GM101639,Cadbury Bournvita ++ 5 Star Magic Refill Pack 500 g,₹ 177.50,https://www.zopnow.com/bournvita-5-star-magic-refill-pack-v-500-g-p.php
GM102578,Real Orange Juice 1 ltr,₹ 99.00,https://www.zopnow.com/real-orange-juice-v-1-ltr-p.php
GM101404,Dukes Waffy Strawberry Flavoured Wafer 75 g,₹ 40.00,https://www.zopnow.com/dukes-waffy-strawberry-flavoured-wafer-v-75-g-p.php
GM102511,Red Label Tea 1 kg,₹ 320.00,https://www.zopnow.com/red-label-tea-v-1-kg-p.php
GM101403,Dukes Waffy Orange Flavoured Wafer 75 g,₹ 40.00,https://www.zopnow.com/dukes-waffy-orange-flavoured-wafer-v-75-g-p.php
GM108931,Dukes Waffy Vanilla Flavoured Wafer 75 g,₹ 40.00,https://www.zopnow.com/dukes-waffy-vanilla-flavoured-wafer-v-75-g-p.php
GM102514,Tata Tea  Agni 1 Kg,₹ 226.78,https://www.zopnow.com/tata-tea-agni-v-1-kg-p.php
GM102515,Tata Tea Gold 1 Kg,₹ 399.00,https://www.zopnow.com/tata-tea-gold-v-1-kg-p.php
GM101349,Britannia Marie Gold Biscuits 250 g,₹ 28.87,https://www.zopnow.com/britannia-marie-gold-biscuits-v-250-g-p.php
GM101444,Parle G Original Gluco Biscuits 250 g,₹ 19.55,https://www.zopnow.com/parle-original-gluco-biscuits-846-gm-v-250-g-p.php
GM101445,Parle G Original Gluco Biscuits 800 g,₹ 57.75,https://www.zopnow.com/parle-original-gluco-biscuits-846-gm-v-800-g-p.php
GM102491,Bagrrys Crunchy Muesli (Almond N Raisin & Honey Healthy ) 1 Kg,₹ 442.75,https://www.zopnow.com/bagrrys-bagrry-crunchy-muesli-almondshoney-raisins-v-1-kg-p.php
GM101507,Sunfeast Dark Fantasy Cream Biscuit Choco Fills Coffee 75 g,₹ 30.00,https://www.zopnow.com/sunfeast-dark-fantasy-cream-biscuit-choco-fills-coffee-v-75-g-p.php
GM101462,Parle Hide & Seek Bourbon Chocolate Cream Biscuit 150 g,₹ 24.44,https://www.zopnow.com/parle-hide-seek-bourbon-chocolate-cream-biscuit-v-150-g-p.php
GM101473,Parle Monaco Biscuit 150 g,₹ 24.06,https://www.zopnow.com/parle-monaco-biscuit-v-150-g-p.php
GM101432,McVities Digestive Biscuit 250 g,₹ 46.25,https://www.zopnow.com/mcvities-digestive-biscuit-v-250-g-p.php
GM102493,Bagrrys Fruit & Fibre Mixed Fruit Muesli 1 Kg,₹ 442.75,https://www.zopnow.com/bagrrys-fruit-fibre-mixed-fruit-muesli-v-1-kg-p.php
GM102494,Bagrrys Fruit n Fibre Strawberry Muesli 1 Kg,₹ 436.25,https://www.zopnow.com/bagrrys-fruit-n-fibre-strawberry-muesli-v-1-kg-p.php
GM102503,Quaker Oats Pouch 1 Kg,₹ 167.50,https://www.zopnow.com/quaker-oats-pouch-v-1-kg-p.php
GM102420,Bikano Bikaneri Bhujia 1 Kg,₹ 188.25,https://www.zopnow.com/bikano-bikaneri-bhujia1-v-1-kg-p.php
GM108773,Bikano Navratan Mix 1 Kg,₹ 188.25,https://www.zopnow.com/bikano-navratan-mix-v-1-kg-p.php
GM106299,Bikano Shahi Mixture 1 Kg,₹ 208.25,https://www.zopnow.com/bikano-shahi-mixture-v-1-kg-p.php
GM102079,Kissan Mixed Fruit Jam 700 g,₹ 154.00,https://www.zopnow.com/kissan-mixed-fruit-jam-v-700-g-p.php
GM102090,Dabur Honey Bottle 500 g,₹ 199.00,https://www.zopnow.com/dabur-honey-v-500-g-p.php
GM101839,Kurkure Namkeen Masala Munch 100 g,₹ 20.00,https://www.zopnow.com/masala-munch-namkeen-v-100-g-p.php
GM102419,Bikano Aloo Bhujia 1 Kg,₹ 183.00,https://www.zopnow.com/bikano-aloo-bhujia-v-1-kg-p.php
GM106297,Bikano Tasty 1 Kg,₹ 188.25,https://www.zopnow.com/bikano-tasty-v-1-kg-p.php
GM102480,Kissan Fresh Tomato Ketchup 1 Kg,₹ 147.00,https://www.zopnow.com/kissan-fresh-tomato-ketchup-v-1-kg-p.php
GM101849,Lay's Potato Chips - American Style Cream & Onion Flavour 52 g,₹ 19.25,https://www.zopnow.com/lays-american-style-cream-onion-flavour-v-52-g-p.php
GM101854,Lay's Potato Chips - Classic Salted 59 g,₹ 20.00,https://www.zopnow.com/lays-classic-salted-v-59-g-p.php
GM101865,Lay's Potato Chips - Spanish Tomato Tango 52 g,₹ 19.55,https://www.zopnow.com/lays-spanish-tomato-tango-v-52-g-p.php
GM101858,Lay's Potato Chips Indias Magic Masala 52 g,₹ 19.55,https://www.zopnow.com/lays-magic-masala-v-52-g-p.php
GM102234,Bambino Plain Vermicelli 900 g,₹ 70.00,https://www.zopnow.com/bambino-plain-vermicelli-v-900-g-p.php
GM100979,Amul Butter 500 g,₹ 197.31,https://www.zopnow.com/amul-butter-v-500-g-p.php
GM101278,MTR Vermicelli 900 g,₹ 75.00,https://www.zopnow.com/mtr-vermicelli-v-900-g-p.php
GM100978,Amul Butter 100 g,₹ 44.00,https://www.zopnow.com/amul-butter-v-100-g-p.php
GM100974,Amul Gold Milk Pouch 500 ml,₹ 25.00,https://www.zopnow.com/amul-gold-milk-pouch-v-500-ml-p.php
GM107254,Paras Makhani Paneer 1 Kg,₹ 250.00,https://www.zopnow.com/paras-makhani-paneer-v-1-kg-p.php
GM101089,Amul Taaza Milky Milk Toned Milk Pouch 500 ml,₹ 19.25,https://www.zopnow.com/amul-amul-taaza-homogenised-toned-milk-pouch-v-500-ml-p.php
GM100974,Amul Gold Milk Pouch 500 ml,₹ 25.00,https://www.zopnow.com/amul-gold-milk-pouch-v-500-ml-p.php
GM100264,Rath Vanspati 1 Ltr,₹ 93.75,https://www.zopnow.com/rath-vanspati-v-1-ltr-p.php
GM102025,Maggi Masala Noodles 70 g,₹ 12.00,https://www.zopnow.com/maggi-masala-noodles-v-70-g-p.php
GM102022,Maggi Masala Noodles 280 g,₹ 45.00,https://www.zopnow.com/maggi-masala-noodles-v-280-g-p.php
GM100242,Fortune Soya Health Refined Soyabean Oil 1 Ltr,₹ 98.25,https://www.zopnow.com/fortune-soya-health-refined-soyabean-oil-v-1-ltr-p.php
GM101056,Mother Dairy Mishti Doi 85 g,₹ 15.00,https://www.zopnow.com/mother-dairy-mishti-doi-v-85-g-p.php
GM102062,Top Ramen Masala Noodles 420 g,₹ 60.00,https://www.zopnow.com/top-ramen-masala-noodles-v-420-g-p.php
